﻿<?xml version="1.0" encoding ="utf-8"?>
<componentPackage xmlns="http://www.macromedia.com/flash/swccatalog/7">
<component id="ImageViewerX" class="ImageViewer" implementation="ImageViewer.swf" iconFile="ImageViewer.png" src="ImageViewer.asi" modified="1061588995">
<movieBounds xmin="0" xmax="8000" ymin="0" ymax="6500" />
    <include id="toolbarBg"/>
    <include id="divider"/>
    <include id="next_icon"/>
    <include id="play_icon"/>
    <include id="prev_icon"/>
    <include id="stop_icon"/>
    <include id="background"/>
    <include id="Button"/>
    <include id="Label"/>
    <include id="ProgressBar"/>
    <include id="Loader"/>
    <include id="TextInput"/>
    <include id="BoundingBox"/>
    <exportAfter id="__Packages.ImageViewer"/>
<class id="ImageViewer" >
   <method id="bgColor" >
      <param id="bgColor" type="Number" />
      <InspectableList param1="imageURLs" param2="imageCaptions" param3="imageLinks" param4="imageLinkTarget" param5="title" param6="bgColor" param7="titleFont" param8="titleColor" param9="titleSize" param10="captionFont" param11="captionColor" param12="captionSize" param13="showControls" param14="slideAutoPlay" param15="slideDelay" param16="slideLoop" param17="frameShow" param18="frameThickness" param19="frameColor" param20="transitionsType" />
   </method>
   <method id="bgColor" returnType="Number">
      <Inspectable type="Color" defaultValue="#FFFFFF" />
   </method>
   <method id="captionColor" returnType="Number">
      <Inspectable type="Color" defaultValue="#333333" />
   </method>
   <method id="captionFont" returnType="String">
      <Inspectable type="Font Name" defaultValue="Verdana" />
   </method>
   <method id="captionSize" returnType="Number">
      <Inspectable type="Number" defaultValue="10" />
   </method>
   <method id="frameColor" returnType="Number">
      <Inspectable type="Color" defaultValue="#333333" />
   </method>
   <method id="frameShow" returnType="Boolean">
      <Inspectable type="Boolean" defaultValue="false" />
   </method>
   <method id="frameThickness" returnType="Number">
      <Inspectable type="Number" defaultValue="2" />
   </method>
   <method id="imageCaptions" returnType="Array">
      <Inspectable type="Array" defaultValue=",," />
      <ArrayProps elementType="String" />
   </method>
   <method id="imageLinkTarget" returnType="String">
      <Inspectable type="String" enumeration="_blank,_self,_top,_parent" defaultValue="_blank" />
   </method>
   <method id="imageLinks" returnType="Array">
      <Inspectable type="Array" defaultValue="http://macromedia.com/,http://macromedia.com/,http://macromedia.com/" />
      <ArrayProps elementType="URI" />
   </method>
   <method id="imageURLs" returnType="Array">
      <Inspectable type="Array" defaultValue="img1.jpg,img2.jpg,img3.jpg" />
      <ArrayProps elementType="URI" />
   </method>
   <method id="showControls" returnType="Boolean">
      <Inspectable type="Boolean" defaultValue="true" />
   </method>
   <method id="slideAutoPlay" returnType="Boolean">
      <Inspectable type="Boolean" defaultValue="false" />
   </method>
   <method id="slideDelay" returnType="Number">
      <Inspectable type="Number" defaultValue="5" />
   </method>
   <method id="slideLoop" returnType="Boolean">
      <Inspectable type="Boolean" defaultValue="false" />
   </method>
   <method id="title" returnType="String">
      <Inspectable type="String" defaultValue="" />
   </method>
   <method id="titleColor" returnType="Number">
      <Inspectable type="Color" defaultValue="#333333" />
   </method>
   <method id="titleFont" returnType="String">
      <Inspectable type="Font Name" defaultValue="Verdana" />
   </method>
   <method id="titleSize" returnType="Number">
      <Inspectable type="Number" defaultValue="10" />
   </method>
   <method id="transitionsType" returnType="String">
      <Inspectable enumeration="None,Blinds,Fade,Fly,Iris,Photo,PixelDissolve,Rotate,Squeeze,Wipe,Zoom,Random" defaultValue="Random" />
   </method>
</class>
<asset id="toolbarBg" modified="1060906181">
</asset>
<asset id="divider" modified="1060898717">
</asset>
<asset id="next_icon" modified="1060898721">
</asset>
<asset id="play_icon" modified="1060898725">
</asset>
<asset id="prev_icon" modified="1060898729">
</asset>
<asset id="stop_icon" modified="1060898734">
</asset>
<asset id="background" modified="1060898711">
</asset>
<asset id="ButtonSkin" modified="1055736827">
      <exportAfter id="__Packages.mx.skins.halo.ButtonSkin"/>
</asset>
<asset id="RectBorder" modified="1053316433">
      <include id="Border"/>
      <exportAfter id="__Packages.mx.skins.halo.RectBorder"/>
</asset>
<asset id="Border" modified="1053138819">
      <include id="UIObject"/>
      <exportAfter id="__Packages.mx.skins.Border"/>
</asset>
<asset id="UIComponentExtensions" modified="1058814666">
      <exportAfter id="__Packages.mx.core.ext.UIComponentExtensions"/>
</asset>
<asset id="FocusRect" modified="1055744819">
      <include id="BoundingBox"/>
      <exportAfter id="__Packages.mx.skins.halo.FocusRect"/>
</asset>
<asset id="FocusManager" modified="1055744781">
      <include id="FocusRect"/>
      <include id="UIObject"/>
      <exportAfter id="__Packages.mx.managers.FocusManager"/>
</asset>
<asset id="UIObjectExtensions" modified="1058814702">
      <exportAfter id="__Packages.mx.core.ext.UIObjectExtensions"/>
</asset>
<asset id="Defaults" modified="1055737279">
      <exportAfter id="__Packages.mx.skins.halo.Defaults"/>
</asset>
<asset id="UIObject" modified="1058814731">
      <include id="Defaults"/>
      <include id="UIObjectExtensions"/>
      <exportAfter id="__Packages.mx.core.UIObject"/>
</asset>
<asset id="UIComponent" modified="1058814700">
      <include id="UIObject"/>
      <include id="FocusManager"/>
      <include id="UIComponentExtensions"/>
      <exportAfter id="__Packages.mx.core.UIComponent"/>
</asset>
<asset id="SimpleButtonUp" modified="1052454740">
      <include id="BrdrBlk"/>
      <include id="BrdrFace"/>
      <include id="BrdrShdw"/>
      <include id="BrdrHilght"/>
      <include id="BrdrFace"/>
</asset>
<asset id="BrdrHilght" modified="1052770908">
</asset>
<asset id="BrdrBlk" modified="1052770913">
</asset>
<asset id="SimpleButtonIn" modified="1052454733">
      <include id="BrdrBlk"/>
      <include id="BrdrHilght"/>
      <include id="BrdrShdw"/>
      <include id="BrdrFace"/>
</asset>
<asset id="BrdrFace" modified="1051767541">
</asset>
<asset id="BrdrShdw" modified="1058931521">
</asset>
<asset id="SimpleButtonDown" modified="1052454099">
      <include id="BrdrShdw"/>
      <include id="BrdrFace"/>
</asset>
<asset id="SimpleButton" modified="1055744781">
      <include id="BoundingBox"/>
      <include id="SimpleButtonDown"/>
      <include id="SimpleButtonIn"/>
      <include id="SimpleButtonUp"/>
      <include id="UIComponent"/>
      <exportAfter id="__Packages.mx.controls.SimpleButton"/>
</asset>
<asset id="BoundingBox" modified="1054593655">
</asset>
<asset id="Button" modified="1059073889">
      <include id="BoundingBox"/>
      <include id="SimpleButton"/>
      <include id="Border"/>
      <include id="RectBorder"/>
      <include id="ButtonSkin"/>
      <exportAfter id="__Packages.mx.controls.Button"/>
</asset>
<asset id="Label" modified="1059524076">
      <include id="UIObject"/>
      <include id="UIComponent"/>
      <exportAfter id="__Packages.mx.controls.Label"/>
</asset>
<asset id="ProgTrackRight" modified="1053129498">
</asset>
<asset id="ProgTrackMiddle" modified="1053129479">
</asset>
<asset id="ProgTrackLeft" modified="1053129460">
</asset>
<asset id="ProgBarIndMiddleThemeColor" modified="1053480989">
</asset>
<asset id="ProgBarIndThemeColor" modified="1053480997">
</asset>
<asset id="ProgIndBar" modified="1053418388">
      <include id="ProgBarIndThemeColor"/>
      <include id="ProgBarIndThemeColor"/>
      <include id="ProgBarIndMiddleThemeColor"/>
      <include id="ProgBarIndMiddleThemeColor"/>
      <include id="ProgBarIndMiddleThemeColor"/>
</asset>
<asset id="ProgBarMiddleThemeColor" modified="1053481125">
</asset>
<asset id="ProgBarMiddle" modified="1053414315">
      <include id="ProgBarMiddleThemeColor"/>
      <include id="ProgBarMiddleThemeColor"/>
      <include id="ProgBarMiddleThemeColor"/>
</asset>
<asset id="ProgBarLeft" modified="1053413883">
      <include id="ProgBarCapThemeColor"/>
      <include id="ProgBarCapThemeColor"/>
      <include id="ProgBarCapThemeColor"/>
</asset>
<asset id="ProgBarCapThemeColor" modified="1053480981">
</asset>
<asset id="ProgBarRight" modified="1053413862">
      <include id="ProgBarCapThemeColor"/>
      <include id="ProgBarCapThemeColor"/>
      <include id="ProgBarCapThemeColor"/>
</asset>
<asset id="ProgressBarAssets" modified="1053316548">
      <include id="ProgBarRight"/>
      <include id="ProgBarLeft"/>
      <include id="ProgBarMiddle"/>
      <include id="ProgIndBar"/>
      <include id="ProgTrackLeft"/>
      <include id="ProgTrackMiddle"/>
      <include id="ProgTrackRight"/>
</asset>
<asset id="ProgressBar" modified="1055744780">
      <include id="BoundingBox"/>
      <include id="UIComponent"/>
      <include id="UIObject"/>
      <include id="ProgressBarAssets"/>
      <exportAfter id="__Packages.mx.controls.ProgressBar"/>
</asset>
<asset id="View" modified="1056146210">
      <include id="UIComponent"/>
      <include id="RectBorder"/>
      <include id="BoundingBox"/>
      <exportAfter id="__Packages.mx.core.View"/>
</asset>
<asset id="Loader" modified="1060710224">
      <include id="BoundingBox"/>
      <include id="View"/>
      <exportAfter id="__Packages.mx.controls.Loader"/>
</asset>
<asset id="TextInput" modified="1059523437">
      <include id="RectBorder"/>
      <include id="UIComponent"/>
      <exportAfter id="__Packages.mx.controls.TextInput"/>
</asset>
<asset id="__Packages.mx.core.UIObject" src="mx.core.UIObject.asi" modified="1061797084">
    <include id="__Packages.mx.skins.SkinElement" />
    <include id="__Packages.mx.styles.CSSStyleDeclaration" />
    <include id="__Packages.mx.styles.StyleManager" />
</asset>
<asset id="__Packages.mx.skins.SkinElement" src="mx.skins.SkinElement.asi" modified="1061797084">
</asset>
<asset id="__Packages.mx.styles.CSSTextStyles" src="mx.styles.CSSTextStyles.asi" modified="1060730714">
</asset>
<asset id="__Packages.mx.styles.CSSStyleDeclaration" src="mx.styles.CSSStyleDeclaration.asi" modified="1060730712">
    <include id="__Packages.mx.styles.StyleManager" />
    <exportAfter id="__Packages.mx.styles.CSSTextStyles" />
</asset>
<asset id="__Packages.mx.styles.StyleManager" src="mx.styles.StyleManager.asi" modified="1060730714">
</asset>
<asset id="__Packages.mx.core.UIComponent" src="mx.core.UIComponent.asi" modified="1061797084">
    <exportAfter id="__Packages.mx.core.UIObject" />
</asset>
<asset id="__Packages.ImageViewer" src="ImageViewer.asi" modified="1062027033">
    <include id="__Packages.mx.controls.Loader" />
    <include id="__Packages.mx.controls.ProgressBar" />
    <include id="__Packages.mx.controls.Label" />
    <include id="__Packages.mx.transitions.TransitionManager" />
    <include id="__Packages.mx.transitions.easing.None" />
    <include id="__Packages.mx.transitions.Blinds" />
    <include id="__Packages.mx.transitions.Fade" />
    <include id="__Packages.mx.transitions.Fly" />
    <include id="__Packages.mx.transitions.Iris" />
    <include id="__Packages.mx.transitions.Photo" />
    <include id="__Packages.mx.transitions.PixelDissolve" />
    <include id="__Packages.mx.transitions.Rotate" />
    <include id="__Packages.mx.transitions.Squeeze" />
    <include id="__Packages.mx.transitions.Wipe" />
    <include id="__Packages.mx.transitions.Zoom" />
    <exportAfter id="__Packages.mx.core.UIComponent" />
</asset>
<asset id="__Packages.mx.core.View" src="mx.core.View.asi" modified="1060910644">
    <include id="__Packages.mx.core.UIObject" />
    <include id="__Packages.mx.skins.RectBorder" />
    <include id="__Packages.mx.managers.DepthManager" />
    <include id="__Packages.mx.core.ExternalContent" />
    <exportAfter id="__Packages.mx.core.UIComponent" />
</asset>
<asset id="__Packages.mx.skins.Border" src="mx.skins.Border.asi" modified="1061797084">
    <exportAfter id="__Packages.mx.core.UIObject" />
</asset>
<asset id="__Packages.mx.skins.RectBorder" src="mx.skins.RectBorder.asi" modified="1060730712">
    <exportAfter id="__Packages.mx.skins.Border" />
</asset>
<asset id="__Packages.mx.managers.DepthManager" src="mx.managers.DepthManager.asi" modified="1060730708">
    <include id="__Packages.mx.core.UIObject" />
</asset>
<asset id="__Packages.mx.core.ExternalContent" src="mx.core.ExternalContent.asi" modified="1060730694">
    <include id="__Packages.mx.core.UIObject" />
    <include id="__Packages.mx.events.UIEventDispatcher" />
    <exportAfter id="__Packages.mx.core.View" />
</asset>
<asset id="__Packages.mx.events.EventDispatcher" src="mx.events.EventDispatcher.asi" modified="1060730708">
</asset>
<asset id="__Packages.mx.events.UIEventDispatcher" src="mx.events.UIEventDispatcher.asi" modified="1060730708">
    <exportAfter id="__Packages.mx.events.EventDispatcher" />
</asset>
<asset id="__Packages.mx.controls.Loader" src="mx.controls.Loader.asi" modified="1060987564">
    <include id="__Packages.mx.core.UIComponent" />
    <exportAfter id="__Packages.mx.core.UIObject" />
    <exportAfter id="__Packages.mx.core.View" />
</asset>
<asset id="__Packages.mx.controls.ProgressBar" src="mx.controls.ProgressBar.asi" modified="1060780100">
    <exportAfter id="__Packages.mx.core.UIObject" />
</asset>
<asset id="__Packages.mx.controls.Label" src="mx.controls.Label.asi" modified="1061599444">
    <exportAfter id="__Packages.mx.core.UIObject" />
</asset>
<asset id="__Packages.mx.transitions.TransitionManager" src="mx.transitions.TransitionManager.asi" modified="1060894814">
    <include id="__Packages.mx.transitions.Transition" />
    <exportAfter id="__Packages.mx.events.EventDispatcher" />
</asset>
<asset id="__Packages.mx.transitions.Transition" src="mx.transitions.Transition.asi" modified="1060730716">
    <include id="__Packages.mx.transitions.TransitionManager" />
    <include id="__Packages.mx.transitions.Tween" />
    <exportAfter id="__Packages.mx.events.EventDispatcher" />
</asset>
<asset id="__Packages.mx.transitions.OnEnterFrameBeacon" src="mx.transitions.OnEnterFrameBeacon.asi" modified="1060730716">
    <include id="__Packages.mx.transitions.BroadcasterMX" />
</asset>
<asset id="__Packages.mx.transitions.BroadcasterMX" src="mx.transitions.BroadcasterMX.asi" modified="1060894812">
</asset>
<asset id="__Packages.mx.transitions.Tween" src="mx.transitions.Tween.asi" modified="1060730718">
    <exportAfter id="__Packages.mx.transitions.OnEnterFrameBeacon" />
    <exportAfter id="__Packages.mx.transitions.BroadcasterMX" />
</asset>
<asset id="__Packages.mx.transitions.easing.None" src="mx.transitions.easing.None.asi" modified="1060730714">
</asset>
<asset id="__Packages.mx.transitions.Blinds" src="mx.transitions.Blinds.asi" modified="1060730714">
    <include id="__Packages.mx.transitions.TransitionManager" />
    <exportAfter id="__Packages.mx.transitions.Transition" />
</asset>
<asset id="__Packages.mx.transitions.Fade" src="mx.transitions.Fade.asi" modified="1060730714">
    <include id="__Packages.mx.transitions.TransitionManager" />
    <exportAfter id="__Packages.mx.transitions.Transition" />
</asset>
<asset id="__Packages.mx.transitions.Fly" src="mx.transitions.Fly.asi" modified="1060730714">
    <include id="__Packages.mx.transitions.TransitionManager" />
    <exportAfter id="__Packages.mx.transitions.Transition" />
</asset>
<asset id="__Packages.mx.transitions.Iris" src="mx.transitions.Iris.asi" modified="1060730716">
    <include id="__Packages.mx.transitions.TransitionManager" />
    <exportAfter id="__Packages.mx.transitions.Transition" />
</asset>
<asset id="__Packages.mx.transitions.Photo" src="mx.transitions.Photo.asi" modified="1060730716">
    <include id="__Packages.mx.transitions.TransitionManager" />
    <exportAfter id="__Packages.mx.transitions.Transition" />
</asset>
<asset id="__Packages.mx.transitions.PixelDissolve" src="mx.transitions.PixelDissolve.asi" modified="1060730716">
    <include id="__Packages.mx.transitions.TransitionManager" />
    <exportAfter id="__Packages.mx.transitions.Transition" />
</asset>
<asset id="__Packages.mx.transitions.Rotate" src="mx.transitions.Rotate.asi" modified="1060730716">
    <include id="__Packages.mx.transitions.TransitionManager" />
    <exportAfter id="__Packages.mx.transitions.Transition" />
</asset>
<asset id="__Packages.mx.transitions.Squeeze" src="mx.transitions.Squeeze.asi" modified="1060730716">
    <include id="__Packages.mx.transitions.TransitionManager" />
    <exportAfter id="__Packages.mx.transitions.Transition" />
</asset>
<asset id="__Packages.mx.transitions.Wipe" src="mx.transitions.Wipe.asi" modified="1060730716">
    <include id="__Packages.mx.transitions.TransitionManager" />
    <exportAfter id="__Packages.mx.transitions.Transition" />
</asset>
<asset id="__Packages.mx.transitions.Zoom" src="mx.transitions.Zoom.asi" modified="1060730716">
    <include id="__Packages.mx.transitions.TransitionManager" />
    <exportAfter id="__Packages.mx.transitions.Transition" />
</asset>
<asset id="__Packages.mx.controls.SimpleButton" src="mx.controls.SimpleButton.asi" modified="1061265664">
    <exportAfter id="__Packages.mx.core.UIComponent" />
</asset>
<asset id="__Packages.mx.skins.ColoredSkinElement" src="mx.skins.ColoredSkinElement.asi" modified="1060730710">
</asset>
<asset id="__Packages.mx.core.ext.UIObjectExtensions" src="mx.core.ext.UIObjectExtensions.asi" modified="1060730694">
    <include id="__Packages.mx.styles.CSSStyleDeclaration" />
    <include id="__Packages.mx.skins.ColoredSkinElement" />
    <exportAfter id="__Packages.mx.core.UIObject" />
    <exportAfter id="__Packages.mx.skins.SkinElement" />
    <exportAfter id="__Packages.mx.styles.CSSTextStyles" />
    <exportAfter id="__Packages.mx.events.UIEventDispatcher" />
</asset>
<asset id="__Packages.mx.skins.halo.Defaults" src="mx.skins.halo.Defaults.asi" modified="1061797084">
    <include id="__Packages.mx.core.UIComponent" />
    <exportAfter id="__Packages.mx.core.UIObject" />
    <exportAfter id="__Packages.mx.styles.CSSStyleDeclaration" />
    <exportAfter id="__Packages.mx.core.ext.UIObjectExtensions" />
</asset>
<asset id="__Packages.mx.skins.halo.FocusRect" src="mx.skins.halo.FocusRect.asi" modified="1061797084">
    <include id="__Packages.mx.managers.DepthManager" />
    <exportAfter id="__Packages.mx.core.UIComponent" />
    <exportAfter id="__Packages.mx.skins.SkinElement" />
    <exportAfter id="__Packages.mx.skins.halo.Defaults" />
</asset>
<asset id="__Packages.mx.managers.FocusManager" src="mx.managers.FocusManager.asi" modified="1061298544">
    <include id="__Packages.mx.managers.DepthManager" />
    <include id="__Packages.mx.controls.SimpleButton" />
    <include id="__Packages.mx.managers.SystemManager" />
    <exportAfter id="__Packages.mx.core.UIComponent" />
    <exportAfter id="__Packages.mx.core.ext.UIObjectExtensions" />
</asset>
<asset id="__Packages.mx.managers.SystemManager" src="mx.managers.SystemManager.asi" modified="1060734186">
    <include id="__Packages.mx.core.UIComponent" />
    <include id="__Packages.mx.events.EventDispatcher" />
</asset>
<asset id="__Packages.mx.managers.OverlappedWindows" src="mx.managers.OverlappedWindows.asi" modified="1060730708">
    <include id="__Packages.mx.core.UIComponent" />
    <exportAfter id="__Packages.mx.managers.SystemManager" />
</asset>
<asset id="__Packages.mx.core.ext.UIComponentExtensions" src="mx.core.ext.UIComponentExtensions.asi" modified="1060730694">
    <include id="__Packages.mx.styles.CSSSetStyle" />
    <exportAfter id="__Packages.mx.core.UIComponent" />
    <exportAfter id="__Packages.mx.managers.FocusManager" />
    <exportAfter id="__Packages.mx.managers.OverlappedWindows" />
</asset>
<asset id="__Packages.mx.styles.CSSSetStyle" src="mx.styles.CSSSetStyle.asi" modified="1061599444">
    <include id="__Packages.mx.styles.StyleManager" />
    <exportAfter id="__Packages.mx.styles.CSSStyleDeclaration" />
</asset>
<asset id="__Packages.mx.controls.TextInput" src="mx.controls.TextInput.asi" modified="1061797084">
    <include id="__Packages.mx.skins.RectBorder" />
    <exportAfter id="__Packages.mx.core.UIComponent" />
    <exportAfter id="__Packages.mx.core.UIObject" />
</asset>
<asset id="__Packages.mx.skins.halo.ButtonSkin" src="mx.skins.halo.ButtonSkin.asi" modified="1061797084">
    <exportAfter id="__Packages.mx.skins.RectBorder" />
    <exportAfter id="__Packages.mx.core.ext.UIObjectExtensions" />
</asset>
<asset id="__Packages.mx.controls.Button" src="mx.controls.Button.asi" modified="1061494564">
    <exportAfter id="__Packages.mx.core.UIObject" />
    <exportAfter id="__Packages.mx.controls.SimpleButton" />
</asset>
<asset id="__Packages.mx.skins.halo.RectBorder" src="mx.skins.halo.RectBorder.asi" modified="1060730710">
    <include id="__Packages.mx.styles.CSSStyleDeclaration" />
    <exportAfter id="__Packages.mx.skins.RectBorder" />
    <exportAfter id="__Packages.mx.core.ext.UIObjectExtensions" />
</asset>
</component>
</componentPackage>
